<xml xmlns="http://www.w3.org/1999/xhtml" id="toolbox" style="display: none;">
    <category name="Logic" colour="#5281a2">
        <block type="controls_if"></block>
        <block type="logic_compare">
            <field name="OP">EQ</field>
        </block>
        <block type="logic_operation">
            <field name="OP">AND</field>
        </block>
        <block type="logic_negate"></block>
        <block type="logic_boolean">
            <field name="BOOL">TRUE</field>
        </block>
        <block type="logic_null"></block>
        <block type="logic_ternary"></block>
        <block type="niryo_ned_try_except">
            <value name="NUMBER_LOOP">
                <block type="math_number">
                    <field name="NUM">10</field>
                </block>
            </value>
            <field name="ON_FAILURE_SELECT">CONTINUE</field>
        </block>
        <block type="switch_case">
        </block>
    </category>
    <category name="Loops" colour="#49a563">
        <block type="controls_repeat_ext">
            <value name="TIMES">
                <shadow type="math_number">
                    <field name="NUM">10</field>
                </shadow>
            </value>
        </block>
        <block type="controls_whileUntil">
            <field name="MODE">WHILE</field>
        </block>
        <block type="controls_for">
            <field name="VAR" id="IdzN]Ct$4m)EBfBW4_Mg" variabletype="">i</field>
            <value name="FROM">
                <shadow type="math_number">
                    <field name="NUM">1</field>
                </shadow>
            </value>
            <value name="TO">
                <shadow type="math_number">
                    <field name="NUM">10</field>
                </shadow>
            </value>
            <value name="BY">
                <shadow type="math_number">
                    <field name="NUM">1</field>
                </shadow>
            </value>
        </block>
        <block type="controls_forEach">
            <field name="VAR" id="6$2)^cfCZG4v%57rPa/" variabletype="">j</field>
        </block>
        <block type="controls_flow_statements">
            <field name="FLOW">BREAK</field>
        </block>
    </category>
    <category name="Math" colour="#5769a1">
        <block type="math_number">
            <field name="NUM">0</field>
        </block>
        <block type="math_arithmetic">
            <field name="OP">ADD</field>
            <value name="A">
                <shadow type="math_number">
                    <field name="NUM">1</field>
                </shadow>
            </value>
            <value name="B">
                <shadow type="math_number">
                    <field name="NUM">1</field>
                </shadow>
            </value>
        </block>
        <block type="math_number_property">
            <mutation divisor_input="false"></mutation>
            <field name="PROPERTY">EVEN</field>
            <value name="NUMBER_TO_CHECK">
                <shadow type="math_number">
                    <field name="NUM">0</field>
                </shadow>
            </value>
        </block>
        <block type="math_round">
            <field name="OP">ROUND</field>
            <value name="NUM">
                <shadow type="math_number">
                    <field name="NUM">3.1</field>
                </shadow>
            </value>
        </block>
        <block type="math_on_list">
            <mutation op="SUM"></mutation>
            <field name="OP">SUM</field>
        </block>
        <block type="math_modulo">
            <value name="DIVIDEND">
                <shadow type="math_number">
                    <field name="NUM">64</field>
                </shadow>
            </value>
            <value name="DIVISOR">
                <shadow type="math_number">
                    <field name="NUM">10</field>
                </shadow>
            </value>
        </block>
        <block type="math_constrain">
            <value name="VALUE">
                <shadow type="math_number">
                    <field name="NUM">50</field>
                </shadow>
            </value>
            <value name="LOW">
                <shadow type="math_number">
                    <field name="NUM">1</field>
                </shadow>
            </value>
            <value name="HIGH">
                <shadow type="math_number">
                    <field name="NUM">100</field>
                </shadow>
            </value>
        </block>
        <block type="math_random_int">
            <value name="FROM">
                <shadow type="math_number">
                    <field name="NUM">1</field>
                </shadow>
            </value>
            <value name="TO">
                <shadow type="math_number">
                    <field name="NUM">100</field>
                </shadow>
            </value>
        </block>
    </category>
    <category name="Lists" colour="#765da1">
        <block type="lists_create_with">
            <mutation items="0"></mutation>
        </block>
        <block type="lists_create_with">
            <mutation items="3"></mutation>
        </block>
        <block type="lists_repeat">
            <value name="NUM">
                <shadow type="math_number">
                    <field name="NUM">5</field>
                </shadow>
            </value>
        </block>
        <block type="lists_length"></block>
        <block type="lists_isEmpty"></block>
        <block type="lists_indexOf">
            <field name="END">FIRST</field>
            <value name="VALUE">
                <block type="variables_get">
                    <field name="VAR" id="siP%}/#lWzy9I6gyD=.$" variabletype="">list</field>
                </block>
            </value>
        </block>
        <block type="lists_getIndex">
            <mutation statement="false" at="true"></mutation>
            <field name="MODE">GET</field>
            <field name="WHERE">FROM_START</field>
            <value name="VALUE">
                <block type="variables_get">
                    <field name="VAR" id="siP%}/#lWzy9I6gyD=.$" variabletype="">list</field>
                </block>
            </value>
        </block>
        <block type="lists_setIndex">
            <mutation at="true"></mutation>
            <field name="MODE">SET</field>
            <field name="WHERE">FROM_START</field>
            <value name="LIST">
                <block type="variables_get">
                    <field name="VAR" id="siP%}/#lWzy9I6gyD=.$" variabletype="">list</field>
                </block>
            </value>
        </block>
        <block type="lists_getSublist">
            <mutation at1="true" at2="true"></mutation>
            <field name="WHERE1">FROM_START</field>
            <field name="WHERE2">FROM_START</field>
            <value name="LIST">
                <block type="variables_get">
                    <field name="VAR" id="siP%}/#lWzy9I6gyD=.$" variabletype="">list</field>
                </block>
            </value>
        </block>
        <block type="lists_sort">
            <field name="TYPE">NUMERIC</field>
            <field name="DIRECTION">1</field>
        </block>
    </category>
    
    <sep></sep>

    <category name="Variables" colour="#ad5a7e" custom="VARIABLE"></category>
    <category name="Functions" colour="#9f5ca1" custom="PROCEDURE"></category>
      <!-- Utility -->

    <category name="Utility" colour="#bead76">
        <block type="niryo_one_sleep">
            <value name="SLEEP_TIME">
                <block type="math_number">
                    <field name="NUM">1</field>
                </block>
            </value>
        </block>
        <block type="niryo_one_comment"></block>
        <block type="niryo_one_break_point"></block>
    </category>
    
    <sep></sep>

    <!-- ARM -->

    <category name="Arm" colour="#007d17">
        <block type="PinSniryo_one_set_learning_mode">
            <field name="LEARNING_MODE_VALUE">True</field>
        </block>
        <block type="niryo_one_set_arm_max_speed">
            <value name="SET_ARM_MAX_SPEED">
                <block type="math_number">
                    <field name="NUM">100</field>
                </block>
            </value>
        </block>
        <block type="niryo_one_calibration_auto">
        </block>
    </category>

    <!-- MOVEMENT -->

    <category name="Movement" colour="#4f87c0">
        <label text="Joints :"></label>
        <block type="niryo_one_joints">
            <value name="j1">
                <block type="math_number">
                    <field name="NUM">0.0</field>
                </block>
            </value>
            <value name="j2">
                <block type="math_number">
                    <field name="NUM">0.0</field>
                </block>
            </value>
            <value name="j3">
                <block type="math_number">
                    <field name="NUM">0.0</field>
                </block>
            </value>
            <value name="j4">
                <block type="math_number">
                    <field name="NUM">0.0</field>
                </block>
            </value>
            <value name="j5">
                <block type="math_number">
                    <field name="NUM">0.0</field>
                </block>
            </value>
            <value name="j6">
                <block type="math_number">
                    <field name="NUM">0.0</field>
                </block>
            </value>
        </block>
        <block type="niryo_one_move_joints_from_joints"/>
        <block type="niryo_one_move_joints_from_joints">
            <value name="JOINTS">
                <block type="niryo_one_joints">
                    <value name="j1">
                        <block type="math_number">
                            <field name="NUM">0.0</field>
                        </block>
                    </value>
                    <value name="j2">
                        <block type="math_number">
                            <field name="NUM">0.0</field>
                        </block>
                    </value>
                    <value name="j3">
                        <block type="math_number">
                            <field name="NUM">0.0</field>
                        </block>
                    </value>
                    <value name="j4">
                        <block type="math_number">
                            <field name="NUM">0.0</field>
                        </block>
                    </value>
                    <value name="j5">
                        <block type="math_number">
                            <field name="NUM">0.0</field>
                        </block>
                    </value>
                    <value name="j6">
                        <block type="math_number">
                            <field name="NUM">0.0</field>
                        </block>
                    </value>
                </block>
            </value>
        </block>
        <label text="Pose :"></label>
        <block type="niryo_one_saved_pose">
            <field name="SAVED_POSE_SELECTOR"></field>
        </block>
        <block type="niryo_one_pose">
            <value name="x">
                <block type="math_number">
                    <field name="NUM">0.2</field>
                </block>
            </value>
            <value name="y">
                <block type="math_number">
                    <field name="NUM">0.0</field>
                </block>
            </value>
            <value name="z">
                <block type="math_number">
                    <field name="NUM">0.3</field>
                </block>
            </value>
            <value name="roll">
                <block type="math_number">
                    <field name="NUM">0.0</field>
                </block>
            </value>
            <value name="pitch">
                <block type="math_number">
                    <field name="NUM">0.0</field>
                </block>
            </value>
            <value name="yaw">
                <block type="math_number">
                    <field name="NUM">0.0</field>
                </block>
            </value>
        </block>
         <block type="niryo_one_shift_pose">
            <field name="SHIFT_POSE_METHOD_SELECT">MoveCommandType.SHIFT_POSE</field>
            <field name="SHIFT_POSE_AXIS">ShiftPose.AXIS_X</field>
            <value name="SHIFT_POSE_VALUE">
                <block type="math_number">
                    <field name="NUM">0</field>
                </block>
            </value>
        </block>

        <block type="niryo_one_move_pose_from_pose"/>
        <block type="niryo_one_move_pose_from_pose">
            <value name="POSE">
                <block type="niryo_one_pose">
                    <value name="x">
                        <block type="math_number">
                            <field name="NUM">0.2</field>
                        </block>
                    </value>
                    <value name="y">
                        <block type="math_number">
                            <field name="NUM">0.0</field>
                        </block>
                    </value>
                    <value name="z">
                        <block type="math_number">
                            <field name="NUM">0.3</field>
                        </block>
                    </value>
                    <value name="roll">
                        <block type="math_number">
                            <field name="NUM">0.0</field>
                        </block>
                    </value>
                    <value name="pitch">
                        <block type="math_number">
                            <field name="NUM">0.0</field>
                        </block>
                    </value>
                    <value name="yaw">
                        <block type="math_number">
                            <field name="NUM">0.0</field>
                        </block>
                    </value>
                </block>
            </value>
        </block>

        <label text="Trajectory : Create a list of waypoints that Ned will go through, ending at the last pose/joint of the list."></label>
        <block type="niryo_one_saved_trajectory">
            <field name="SAVED_TRAJECTORY_SELECTOR"></field>
        </block>

        <block type="niryo_one_move_trajectory_from_trajectory">
            <value name="TRAJECTORY">
                <block type="niryo_one_saved_trajectory">
                    <field name="SAVED_TRAJECTORY_SELECTOR"></field>
                </block>
            </value>
        </block>

        <block type="niryo_one_move_trajectory">
            <value name="LIST">
                <block type="lists_create_with">
                    <mutation items="3"></mutation>
                </block>
            </value>
            <value name="DIST_SMOOTHING">
                <block type="math_number">
                    <field name="NUM">0.0</field>
                </block>
            </value>
        </block>
        
        <label text="Pick from pose = Move over the Pose ⮕ Move to Pose ⮕ Grasp with Tool ⮕ Move Up"></label>
        <block type="niryo_one_pick_from_pose"/>
        <block type="niryo_one_pick_from_pose">
            <value name="POSE">
                <block type="niryo_one_pose">
                    <value name="x">
                        <block type="math_number">
                            <field name="NUM">0.15</field>
                        </block>
                    </value>
                    <value name="y">
                        <block type="math_number">
                            <field name="NUM">0.1</field>
                        </block>
                    </value>
                    <value name="z">
                        <block type="math_number">
                            <field name="NUM">0.25</field>
                        </block>
                    </value>
                    <value name="roll">
                        <block type="math_number">
                            <field name="NUM">-0.2</field>
                        </block>
                    </value>
                    <value name="pitch">
                        <block type="math_number">
                            <field name="NUM">1.57</field>
                        </block>
                    </value>
                    <value name="yaw">
                        <block type="math_number">
                            <field name="NUM">0.0</field>
                        </block>
                    </value>
                </block>
            </value>
        </block>
        <label text="Place from pose = Move over the Pose ⮕ Move to Pose ⮕ Release with Tool ⮕ Move Up"></label>
        <block type="niryo_one_place_from_pose"/>
        <block type="niryo_one_place_from_pose">
            <value name="POSE">
                <block type="niryo_one_pose">
                    <value name="x">
                        <block type="math_number">
                            <field name="NUM">0.15</field>
                        </block>
                    </value>
                    <value name="y">
                        <block type="math_number">
                            <field name="NUM">-0.1</field>
                        </block>
                    </value>
                    <value name="z">
                        <block type="math_number">
                            <field name="NUM">0.25</field>
                        </block>
                    </value>
                    <value name="roll">
                        <block type="math_number">
                            <field name="NUM">0.2</field>
                        </block>
                    </value>
                    <value name="pitch">
                        <block type="math_number">
                            <field name="NUM">1.57</field>
                        </block>
                    </value>
                    <value name="yaw">
                        <block type="math_number">
                            <field name="NUM">0.0</field>
                        </block>
                    </value>
                </block>
            </value>
        </block>
    </category>

    <!-- I/0 -->

    <category name="I/O" colour="#c05150">
        <block type="niryo_one_gpio_select">
            <field name="GPIO_SELECT">'1A'</field>
        </block>
        <block type="niryo_one_set_pin_mode">
            <value name="SET_PIN_MODE_PIN">
                <block type="niryo_one_gpio_select">
                    <field name="GPIO_SELECT">'1A'</field>
                </block>
            </value>
            <field name="PIN_MODE_SELECT">PinMode.INPUT</field>
        </block>
        <block type="niryo_one_digital_write">
            <value name="DIGITAL_WRITE_PIN">
                <block type="niryo_one_gpio_select">
                    <field name="GPIO_SELECT">'1A'</field>
                </block>
            </value>
            <field name="PIN_WRITE_SELECT">PinState.HIGH</field>
        </block>
        <block type="niryo_one_digital_read">
            <value name="DIGITAL_READ_PIN">
                <block type="niryo_one_gpio_select">
                    <field name="GPIO_SELECT">'1A'</field>
                </block>
            </value>
        </block>
        <block type="niryo_one_gpio_state">
            <field name="GPIO_STATE_SELECT">PinState.HIGH</field>
        </block>
        <block type="niryo_one_set_12v_switch">
            <field name="SET_12V_SWITCH_SELECT">PinState.HIGH</field>
            <value name="SET_12V_SWITCH">
                <block type="niryo_one_sw_select">
                    <field name="SW_SELECT">'SW1'</field>
                </block>
            </value>
        </block>
    </category>

    <!-- I/0 for Ned2 -->

    <category name="I/O for Ned2" colour="#c05150">
        <block type="niryo_one_gpio_select_analogic">
            <field name="GPIO_SELECT">'AO1'</field>
        </block>
         <block type="niryo_one_gpio_select_digital">
            <field name="GPIO_SELECT">'DO1'</field>
        </block>
        <block type="niryo_one_get_analogic">
            <field name="ANALOGIC_ID">AI1</field>
        </block>
        <block type="niryo_one_get_digital">
            <field name="DIGITAL_ID">DI1</field>
        </block>
        <block type="niryo_one_set_analogic">
            <field name="ANALOGIC_ID">AO1</field>
            <field name="ANALOGIC_VALUE">0.0</field>
        </block>
        <block type="niryo_one_set_digital">
            <field name="DIGITAL_ID">DO1</field>
            <field name="DIGITAL_VALUE">LOW</field>
        </block>


        <block type="custom_button_state">
        </block>
        <block type="is_button_pressed">
        </block>
        <block type="button_press_duration">
            <field name="TIMEOUT">0</field>
        </block>
        <block type="get_and_wait_for_button_action">
            <field name="TIMEOUT">0</field>
        </block>
        <block type="wait_for_button_action">
            <value name="BUTTON_ACTION_SWITCH">
                <block type="custom_button_state"></block>
            </value>
            <field name="TIMEOUT">0</field>
        </block>

        <block type="variables_set">
            <field name="VAR">Button action</field>
            <value name="VALUE">
                <block type="button_press_duration">
                </block>
            </value>
            <next>
                <block type="controls_if">
                <mutation elseif="1" else="1"></mutation>
                <value name="IF0">
                    <block type="logic_compare">
                    <field name="OP">GT</field>
                    <value name="A">
                        <block type="variables_get">
                        <field name="VAR">Button action</field>
                        </block>
                    </value>
                    <value name="B">
                        <block type="math_number">
                        <field name="NUM">4</field>
                        </block>
                    </value>
                    </block>
                </value>
                <value name="IF1">
                    <block type="logic_compare">
                    <field name="OP">GT</field>
                    <value name="A">
                        <block type="variables_get">
                        <field name="VAR">Button action</field>
                        </block>
                    </value>
                    <value name="B">
                        <block type="math_number">
                        <field name="NUM">2</field>
                        </block>
                    </value>
                    </block>
                </value>
                <value name="ELSE">
                </value>
                </block>
            </next>
        </block>

        <block type="switch_case">
            <mutation case="3" default="1"></mutation>

            <value name="SWITCH">
                <block type="get_and_wait_for_button_action">
                    <field name="TIMEOUT">0</field>
                </block>
            </value>

            <value name="SEL1">
                <block type="custom_button_state">
                    <field name="CUSTOM_BUTTON_ACTION_SELECT">ButtonAction.SINGLE_PUSH_ACTION</field>
                </block>
            </value>
            <statement name="CASE1">
                <block type="niryo_one_grasp_w_tool"></block>
            </statement>

            <value name="SEL2">
                <block type="custom_button_state">
                    <field name="CUSTOM_BUTTON_ACTION_SELECT">ButtonAction.DOUBLE_PUSH_ACTION</field>
                </block>
            </value>
            <statement name="CASE2">
                <block type="niryo_one_release_w_tool"></block>
            </statement>
            
            <value name="SEL3">
                <block type="custom_button_state">
                    <field name="CUSTOM_BUTTON_ACTION_SELECT">ButtonAction.LONG_PUSH_ACTION</field>
                </block>
            </value>
            <statement name="CASE3">
                <block type="niryo_one_update_tool"></block>
            </statement>
            
            <statement name="DEFAULT">
                <block type="niryo_one_comment">
                    <field name="COMMENT_TEXT">Do nothing</field>
                </block>
            </statement>
        </block>


    </category>

    <!-- Tools -->

    <category name="Tool" colour="#bf964b">
        <block type="niryo_one_update_tool"/>
        <block type="niryo_one_grasp_w_tool"/>
        <block type="niryo_one_release_w_tool"/>
        <block type="niryo_one_open_gripper">
            <field name="OPEN_SPEED">250</field>
        </block>
        <block type="niryo_one_close_gripper">
            <field name="CLOSE_SPEED">250</field>
        </block>
        <block type="niryo_ned2_open_gripper">
        </block>
        <block type="niryo_ned2_close_gripper">
        </block>
        <block type="niryo_one_pull_air_vacuum_pump"/>
        <block type="niryo_one_push_air_vacuum_pump"/>
        <block type="niryo_one_setup_electromagnet">
            <value name="SETUP_ELECTROMAGNET_PIN"></value>
        </block>
        <block type="niryo_one_activate_electromagnet">
            <value name="ACTIVATE_ELECTROMAGNET_PIN"></value>
        </block>
        <block type="niryo_one_deactivate_electromagnet">
            <value name="DEACTIVATE_ELECTROMAGNET_PIN"></value>
        </block>
        <block type="niryo_one_enable_tcp">
            <field name="ENABLE_TCP_VALUE">True</field>
        </block>
        <block type="niryo_one_set_tcp">
            <value name="SET_TCP_VALUE">
                <block type="niryo_one_pose">
                    <value name="x">
                        <block type="math_number">
                            <field name="NUM">0.0</field>
                        </block>
                    </value>
                    <value name="y">
                        <block type="math_number">
                            <field name="NUM">0.0</field>
                        </block>
                    </value>
                    <value name="z">
                        <block type="math_number">
                            <field name="NUM">0.0</field>
                        </block>
                    </value>
                    <value name="roll">
                        <block type="math_number">
                            <field name="NUM">0.0</field>
                        </block>
                    </value>
                    <value name="pitch">
                        <block type="math_number">
                            <field name="NUM">0.0</field>
                        </block>
                    </value>
                    <value name="yaw">
                        <block type="math_number">
                            <field name="NUM">0.0</field>
                        </block>
                    </value>
                </block>
            </value>
        </block>
    </category>

    <sep></sep>

    <!--Dynamic frame-->
    
    <category name="Frames" colour="#4f87c0">
        <block type="text">
            <field name="TEXT">default_frame</field>
        </block> 
        <block type="niryo_frame">
            <field name="FRAME_SELECT"></field>
        </block>
        <block type="niryo_move_in_frame">
            <value name="FRAME">
                <block type="niryo_frame">
                    <field name="FRAME_SELECT"></field>
                </block>
            </value>
            <value name="POSE">
                <block type="niryo_one_pose">
                    <value name="x">
                        <block type="math_number">
                            <field name="NUM">0.0</field>
                        </block>
                    </value>
                    <value name="y">
                        <block type="math_number">
                            <field name="NUM">0.0</field>
                        </block>
                    </value>
                    <value name="z">
                        <block type="math_number">
                            <field name="NUM">0.0</field>
                        </block>
                    </value>
                    <value name="roll">
                        <block type="math_number">
                            <field name="NUM">0.0</field>
                        </block>
                    </value>
                    <value name="pitch">
                        <block type="math_number">
                            <field name="NUM">1.57</field>
                        </block>
                    </value>
                    <value name="yaw">
                        <block type="math_number">
                            <field name="NUM">0.0</field>
                        </block>
                    </value>
                </block>
            </value>
        </block>
        <block type="niryo_block_frame">
            <value name="FRAME">
                <block type="niryo_frame">
                    <field name="FRAME_SELECT"></field>
                </block>
            </value>
        </block>
        <block type="niryo_move_relative">
            <value name="x">
                <block type="math_number">
                    <field name="NUM">0.0</field>
                </block>
            </value>
            <value name="y">
                <block type="math_number">
                    <field name="NUM">0.0</field>
                </block>
            </value>
            <value name="z">
                <block type="math_number">
                    <field name="NUM">0.0</field>
                </block>
            </value>
            <value name="roll">
                <block type="math_number">
                    <field name="NUM">0.0</field>
                </block>
            </value>
            <value name="pitch">
                <block type="math_number">
                    <field name="NUM">0.0</field>
                </block>
            </value>
            <value name="yaw">
                <block type="math_number">
                    <field name="NUM">0.0</field>
                </block>
            </value>
        </block> 

        <label text="Templates:"></label>
 
        <block type="niryo_one_comment">
            <field name="COMMENT_TEXT">Example of pick/place</field>
            <next>
                <block type="niryo_block_frame">
                    <value name="FRAME">
                        <block type="niryo_frame">
                            <field name="FRAME_SELECT"></field>
                        </block>
                    </value>
                    <statement name="STATEMENTS">
                        <block type="niryo_one_move_pose_from_pose">
                            <value name="POSE">
                                <block type="niryo_one_pose">
                                    <value name="x">
                                        <block type="math_number">
                                            <field name="NUM">0.0</field>
                                        </block>
                                    </value>
                                    <value name="y">
                                        <block type="math_number">
                                            <field name="NUM">0.0</field>
                                        </block>
                                    </value>
                                    <value name="z">
                                        <block type="math_number">
                                            <field name="NUM">0.0</field>
                                        </block>
                                    </value>
                                    <value name="roll">
                                        <block type="math_number">
                                            <field name="NUM">0.0</field>
                                        </block>
                                    </value>
                                    <value name="pitch">
                                        <block type="math_number">
                                            <field name="NUM">1.57</field>
                                        </block>
                                    </value>
                                    <value name="yaw">
                                        <block type="math_number">
                                            <field name="NUM">0.0</field>
                                        </block>
                                    </value>
                                </block>
                            </value>
                            <next>
                                <block type="niryo_move_relative">
                                    <value name="x">
                                        <block type="math_number">
                                            <field name="NUM">0.0</field>
                                        </block>
                                    </value>
                                    <value name="y">
                                        <block type="math_number">
                                            <field name="NUM">0.0</field>
                                        </block>
                                    </value>
                                    <value name="z">
                                        <block type="math_number">
                                            <field name="NUM">0.1</field>
                                        </block>
                                    </value>
                                    <value name="roll">
                                        <block type="math_number">
                                            <field name="NUM">0.0</field>
                                        </block>
                                    </value>
                                    <value name="pitch">
                                        <block type="math_number">
                                            <field name="NUM">0.0</field>
                                        </block>
                                    </value>
                                    <value name="yaw">
                                        <block type="math_number">
                                            <field name="NUM">0.0</field>
                                        </block>
                                    </value>
                                    <next>
                                        <block type="niryo_move_relative">
                                            <value name="x">
                                                <block type="math_number">
                                                    <field name="NUM">0.05</field>
                                                </block>
                                            </value>
                                            <value name="y">
                                                <block type="math_number">
                                                    <field name="NUM">0.0</field>
                                                </block>
                                            </value>
                                            <value name="z">
                                                <block type="math_number">
                                                    <field name="NUM">0.0</field>
                                                </block>
                                            </value>
                                            <value name="roll">
                                                <block type="math_number">
                                                    <field name="NUM">0.0</field>
                                                </block>
                                            </value>
                                            <value name="pitch">
                                                <block type="math_number">
                                                    <field name="NUM">0.0</field>
                                                </block>
                                            </value>
                                            <value name="yaw">
                                                <block type="math_number">
                                                    <field name="NUM">0.0</field>
                                                </block>
                                            </value>
                                            <next>
                                                <block type="niryo_move_relative">
                                                    <value name="x">
                                                        <block type="math_number">
                                                            <field name="NUM">0.0</field>
                                                        </block>
                                                    </value>
                                                    <value name="y">
                                                        <block type="math_number">
                                                            <field name="NUM">0.0</field>
                                                        </block>
                                                    </value>
                                                    <value name="z">
                                                        <block type="math_number">
                                                            <field name="NUM">-0.1</field>
                                                        </block>
                                                    </value>
                                                    <value name="roll">
                                                        <block type="math_number">
                                                            <field name="NUM">0.0</field>
                                                        </block>
                                                    </value>
                                                    <value name="pitch">
                                                        <block type="math_number">
                                                            <field name="NUM">0.0</field>
                                                        </block>
                                                    </value>
                                                    <value name="yaw">
                                                        <block type="math_number">
                                                            <field name="NUM">0.0</field>
                                                        </block>
                                                    </value>
                                                </block>
                                            </next>
                                        </block>
                                    </next>
                                </block>
                            </next>
                        </block>
                    </statement>
                </block>
            </next>
        </block>
    </category>

    <!-- Vision -->

    <category name="Vision" colour="#546e7a">
        <block type="niryo_one_vision_color">
            <field name="COLOR_SELECT">ObjectColor.ANY</field>
        </block>
        <block type="niryo_one_vision_shape">
            <field name="SHAPE_SELECT">ObjectShape.ANY</field>
        </block>
        <block type="text">
            <field name="TEXT">default_workspace</field>
        </block>
        <block type="niryo_one_workspace">
            <field name="WORKSPACE_SELECT"></field>
        </block>
        <block type="niryo_one_vision_pick">
            <value name="COLOR_SWITCH">
                <block type="niryo_one_vision_color">
                    <field name="COLOR_SELECT">ObjectColor.ANY</field>
                </block>
            </value>
            <value name="WORKSPACE">
                <block type="niryo_one_workspace">
                    <field name="WORKSPACE_SELECT"></field>
                </block>
            </value>
            <value name="SHAPE_SWITCH">
                <block type="niryo_one_vision_shape">
                    <field name="SHAPE_SELECT">ObjectShape.ANY</field>
                </block>
            </value>
            <value name="HEIGHT_OFFSET">
                <block type="math_number">
                    <field name="NUM">0</field>
                </block>
            </value>
        </block>
        <block type="niryo_one_vision_pick_w_pose">
            <value name="COLOR_SWITCH">
                <block type="niryo_one_vision_color">
                    <field name="COLOR_SELECT">ObjectColor.ANY</field>
                </block>
            </value>
            <value name="OBSERVATION_POSE">
                <block type="niryo_one_pose">
                    <value name="x">
                        <block type="math_number">
                            <field name="NUM">0.16</field>
                        </block>
                    </value>
                    <value name="y">
                        <block type="math_number">
                            <field name="NUM">0.0</field>
                        </block>
                    </value>
                    <value name="z">
                        <block type="math_number">
                            <field name="NUM">0.35</field>
                        </block>
                    </value>
                    <value name="roll">
                        <block type="math_number">
                            <field name="NUM">0.0</field>
                        </block>
                    </value>
                    <value name="pitch">
                        <block type="math_number">
                            <field name="NUM">1.57</field>
                        </block>
                    </value>
                    <value name="yaw">
                        <block type="math_number">
                            <field name="NUM">0.0</field>
                        </block>
                    </value>
                </block>
            </value>
            <value name="WORKSPACE">
                <block type="niryo_one_workspace">
                    <field name="WORKSPACE_SELECT"></field>
                </block>
            </value>
            <value name="SHAPE_SWITCH">
                <block type="niryo_one_vision_shape">
                    <field name="SHAPE_SELECT">ObjectShape.ANY</field>
                </block>
            </value>
            <value name="HEIGHT_OFFSET">
                <block type="math_number">
                    <field name="NUM">0</field>
                </block>
            </value>
        </block>
        <block type="niryo_one_vision_is_object_detected">
            <value name="COLOR_SWITCH">
                <block type="niryo_one_vision_color">
                    <field name="COLOR_SELECT">ObjectColor.ANY</field>
                </block>
            </value>
            <value name="WORKSPACE">
                <block type="niryo_one_workspace">
                    <field name="WORKSPACE_SELECT"></field>
                </block>
            </value>
            <value name="SHAPE_SWITCH">
                <block type="niryo_one_vision_shape">
                    <field name="SHAPE_SELECT">ObjectShape.ANY</field>
                </block>
            </value>
        </block>
        <label text="Templates:"></label>
        <block type="niryo_one_comment">
            <field name="COMMENT_TEXT">Move to an observation position then</field>
            <next>
                <block type="niryo_one_comment">
                    <field name="COMMENT_TEXT">Try to do a vision pick:</field>
                    <next>
                        <block type="controls_if" inline="false">
                            <value name="IF0">
                                <block type="niryo_one_vision_pick_w_pose">
                                    <value name="COLOR_SWITCH">
                                        <block type="niryo_one_vision_color">
                                            <field name="COLOR_SELECT">ObjectColor.ANY</field>
                                        </block>
                                    </value>
                                    <value name="WORKSPACE">
                                        <block type="niryo_one_workspace">
                                            <field name="WORKSPACE_SELECT"></field>
                                        </block>
                                    </value>
                                    <value name="SHAPE_SWITCH">
                                        <block type="niryo_one_vision_shape">
                                            <field name="SHAPE_SELECT">ObjectShape.ANY</field>
                                        </block>
                                    </value>
                                    <value name="OBSERVATION_POSE">
                                        <block type="niryo_one_pose">
                                            <value name="x">
                                                <block type="math_number">
                                                    <field name="NUM">0.16</field>
                                                </block>
                                            </value>
                                            <value name="y">
                                                <block type="math_number">
                                                    <field name="NUM">0.0</field>
                                                </block>
                                            </value>
                                            <value name="z">
                                                <block type="math_number">
                                                    <field name="NUM">0.35</field>
                                                </block>
                                            </value>
                                            <value name="roll">
                                                <block type="math_number">
                                                    <field name="NUM">0.0</field>
                                                </block>
                                            </value>
                                            <value name="pitch">
                                                <block type="math_number">
                                                    <field name="NUM">1.57</field>
                                                </block>
                                            </value>
                                            <value name="yaw">
                                                <block type="math_number">
                                                    <field name="NUM">0.0</field>
                                                </block>
                                            </value>
                                        </block>
                                    </value>
                                    <value name="HEIGHT_OFFSET">
                                        <block type="math_number">
                                            <field name="NUM">0</field>
                                        </block>
                                    </value>
                                </block>
                            </value>
                            <statement name="DO0">
                                <block type="niryo_one_comment">
                                    <field name="COMMENT_TEXT">If an object has been taken, do:</field>
                                    <next>
                                        <block type="niryo_one_place_from_pose">
                                            <value name="POSE">
                                                <block type="niryo_one_pose">
                                                    <value name="x">
                                                        <block type="math_number">
                                                            <field name="NUM">0.15</field>
                                                        </block>
                                                    </value>
                                                    <value name="y">
                                                        <block type="math_number">
                                                            <field name="NUM">-0.1</field>
                                                        </block>
                                                    </value>
                                                    <value name="z">
                                                        <block type="math_number">
                                                            <field name="NUM">0.25</field>
                                                        </block>
                                                    </value>
                                                    <value name="roll">
                                                        <block type="math_number">
                                                            <field name="NUM">0.2</field>
                                                        </block>
                                                    </value>
                                                    <value name="pitch">
                                                        <block type="math_number">
                                                            <field name="NUM">1.57</field>
                                                        </block>
                                                    </value>
                                                    <value name="yaw">
                                                        <block type="math_number">
                                                            <field name="NUM">0.0</field>
                                                        </block>
                                                    </value>
                                                </block>
                                            </value>
                                        </block>
                                    </next>
                                </block>
                            </statement>
                        </block>
                    </next>
                </block>
            </next>
        </block>
        <block type="niryo_one_comment">
            <field name="COMMENT_TEXT">Move to an observation position:</field>
            <next>
                <block type="niryo_one_move_pose_from_pose">
                    <value name="POSE">
                        <block type="niryo_one_pose">
                            <value name="x">
                                <block type="math_number">
                                    <field name="NUM">0.16</field>
                                </block>
                            </value>
                            <value name="y">
                                <block type="math_number">
                                    <field name="NUM">0.0</field>
                                </block>
                            </value>
                            <value name="z">
                                <block type="math_number">
                                    <field name="NUM">0.35</field>
                                </block>
                            </value>
                            <value name="roll">
                                <block type="math_number">
                                    <field name="NUM">0.0</field>
                                </block>
                            </value>
                            <value name="pitch">
                                <block type="math_number">
                                    <field name="NUM">1.57</field>
                                </block>
                            </value>
                            <value name="yaw">
                                <block type="math_number">
                                    <field name="NUM">0.0</field>
                                </block>
                            </value>
                        </block>
                    </value>
                    <next>
                        <block type="niryo_one_comment">
                            <field name="COMMENT_TEXT">Try to do a vision pick:</field>
                            <next>
                                <block type="controls_if" inline="false">
                                    <value name="IF0">
                                        <block type="niryo_one_vision_pick">
                                            <value name="COLOR_SWITCH">
                                                <block type="niryo_one_vision_color">
                                                    <field name="COLOR_SELECT">ObjectColor.ANY</field>
                                                </block>
                                            </value>
                                            <value name="WORKSPACE">
                                                <block type="niryo_one_workspace">
                                                    <field name="WORKSPACE_SELECT"></field>
                                                </block>
                                            </value>
                                            <value name="SHAPE_SWITCH">
                                                <block type="niryo_one_vision_shape">
                                                    <field name="SHAPE_SELECT">ObjectShape.ANY</field>
                                                </block>
                                            </value>
                                            <value name="HEIGHT_OFFSET">
                                                <block type="math_number">
                                                    <field name="NUM">0</field>
                                                </block>
                                            </value>
                                        </block>
                                    </value>
                                    <statement name="DO0">
                                        <block type="niryo_one_comment">
                                            <field name="COMMENT_TEXT">If an object has been taken, do:</field>
                                            <next>
                                                <block type="niryo_one_place_from_pose">
                                                    <value name="POSE">
                                                        <block type="niryo_one_pose">
                                                            <value name="x">
                                                                <block type="math_number">
                                                                    <field name="NUM">0.15</field>
                                                                </block>
                                                            </value>
                                                            <value name="y">
                                                                <block type="math_number">
                                                                    <field name="NUM">-0.1</field>
                                                                </block>
                                                            </value>
                                                            <value name="z">
                                                                <block type="math_number">
                                                                    <field name="NUM">0.25</field>
                                                                </block>
                                                            </value>
                                                            <value name="roll">
                                                                <block type="math_number">
                                                                    <field name="NUM">0.2</field>
                                                                </block>
                                                            </value>
                                                            <value name="pitch">
                                                                <block type="math_number">
                                                                    <field name="NUM">1.57</field>
                                                                </block>
                                                            </value>
                                                            <value name="yaw">
                                                                <block type="math_number">
                                                                    <field name="NUM">0.0</field>
                                                                </block>
                                                            </value>
                                                        </block>
                                                    </value>
                                                </block>
                                            </next>
                                        </block>
                                    </statement>
                                </block>
                            </next>
                        </block>
                    </next>
                </block>
            </next>
        </block>
        <block type="niryo_one_comment">
            <field name="COMMENT_TEXT">Move to an observation position:</field>
            <next>
                <block type="niryo_one_move_pose_from_pose">
                    <value name="POSE">
                        <block type="niryo_one_pose">
                            <value name="x">
                                <block type="math_number">
                                    <field name="NUM">0.16</field>
                                </block>
                            </value>
                            <value name="y">
                                <block type="math_number">
                                    <field name="NUM">0.0</field>
                                </block>
                            </value>
                            <value name="z">
                                <block type="math_number">
                                    <field name="NUM">0.35</field>
                                </block>
                            </value>
                            <value name="roll">
                                <block type="math_number">
                                    <field name="NUM">0.0</field>
                                </block>
                            </value>
                            <value name="pitch">
                                <block type="math_number">
                                    <field name="NUM">1.57</field>
                                </block>
                            </value>
                            <value name="yaw">
                                <block type="math_number">
                                    <field name="NUM">0.0</field>
                                </block>
                            </value>
                        </block>
                    </value>
                    <next>
                        <block type="niryo_one_comment">
                            <field name="COMMENT_TEXT">Loop until there is an object detected:</field>
                            <next>
                                <block type="controls_whileUntil">
                                    <field name="MODE">UNTIL</field>
                                    <value name="BOOL">
                                        <block type="niryo_one_vision_is_object_detected">
                                            <value name="COLOR_SWITCH">
                                                <block type="niryo_one_vision_color">
                                                    <field name="COLOR_SELECT">ObjectColor.ANY</field>
                                                </block>
                                            </value>
                                            <value name="WORKSPACE">
                                                <block type="niryo_one_workspace">
                                                    <field name="WORKSPACE_SELECT"></field>
                                                </block>
                                            </value>
                                            <value name="SHAPE_SWITCH">
                                                <block type="niryo_one_vision_shape">
                                                    <field name="SHAPE_SELECT">ObjectShape.ANY</field>
                                                </block>
                                            </value>
                                        </block>
                                    </value>
                                    <statement name="DO">
                                        <block type="niryo_one_comment">
                                            <field name="COMMENT_TEXT">Wait for a short time:</field>
                                            <next>
                                                <block type="niryo_one_sleep">
                                                    <value name="SLEEP_TIME">
                                                        <block type="math_number">
                                                            <field name="NUM">0.1</field>
                                                        </block>
                                                    </value>
                                                </block>
                                            </next>
                                        </block>
                                    </statement>
                                    <next>
                                        <block type="niryo_one_comment">
                                            <field name="COMMENT_TEXT">Your program:</field>
                                            <next>
                                                <block type="niryo_one_place_from_pose">
                                                    <value name="POSE">
                                                        <block type="niryo_one_pose">
                                                            <value name="x">
                                                                <block type="math_number">
                                                                    <field name="NUM">0.15</field>
                                                                </block>
                                                            </value>
                                                            <value name="y">
                                                                <block type="math_number">
                                                                    <field name="NUM">-0.1</field>
                                                                </block>
                                                            </value>
                                                            <value name="z">
                                                                <block type="math_number">
                                                                    <field name="NUM">0.25</field>
                                                                </block>
                                                            </value>
                                                            <value name="roll">
                                                                <block type="math_number">
                                                                    <field name="NUM">0.2</field>
                                                                </block>
                                                            </value>
                                                            <value name="pitch">
                                                                <block type="math_number">
                                                                    <field name="NUM">1.57</field>
                                                                </block>
                                                            </value>
                                                            <value name="yaw">
                                                                <block type="math_number">
                                                                    <field name="NUM">0.0</field>
                                                                </block>
                                                            </value>
                                                        </block>
                                                    </value>
                                                </block>
                                            </next>
                                        </block>
                                    </next>
                                </block>
                            </next>
                        </block>
                    </next>
                </block>
            </next>
        </block>
    </category>

    <!-- Conveyor -->

    <category name="Conveyor" colour="#00838f">
        <block type="niryo_one_conveyor_models"/>
        <block type="niryo_one_conveyor_use"/>
        <block type="niryo_one_conveyor_control">
            <value name="CONVEYOR_SWITCH">
                <block type="niryo_one_conveyor_models">
                </block>
            </value>
            <value name="SPEED_PERCENT">
                <block type="math_number">
                    <field name="NUM">100</field>
                </block>
            </value>
        </block>
        <block type="niryo_one_conveyor_stop">
            <value name="CONVEYOR_SWITCH">
                <block type="niryo_one_conveyor_models"></block>
            </value>
        </block>
    </category>
    <!-- Light and Sound -->
    <category name="Light - Sound" colour="#E9967A">
        <label text="Sound :"></label>
        <block type="sound_volume">
            <field name="VOLUME">100</field>
        </block>
        <block type="play_sound">
            <field name="SOUND_SELECTOR"></field>
            <field name="BLOCKING_INPUT">False</field>
        </block>
        <block type="play_sound_from_to">
            <field name="SOUND_SELECTOR"></field>
            <field name="START_TIME"></field>
            <field name="END_TIME"></field>
            <field name="BLOCKING_INPUT">False</field>
        </block>
        <block type="stop_sound">
        </block>
        <label text="Led ring :"></label>
        <block type="led_ring_color_block">
        </block>
        <block type="led_ring_none">
        </block>
        <block type="led_ring_solid">
            <value name="COLOR">
                <block type="led_ring_color_block"></block>
            </value>
            <field name="WAIT">False</field>
        </block>
        <block type="led_ring_chase">
            <value name="COLOR">
                <block type="led_ring_color_block"></block>
            </value>
            <field name="PERIOD">1</field>
            <field name="ITERATIONS">0</field>
            <field name="WAIT">False</field>
        </block>
        <block type="led_ring_flashing">
            <value name="COLOR">
                <block type="led_ring_color_block"></block>
            </value>
            <field name="PERIOD">0.5</field>
            <field name="ITERATIONS">0</field>
            <field name="WAIT">False</field>
        </block>
        <block type="led_ring_wipe">
            <value name="COLOR">
                <block type="led_ring_color_block"></block>
            </value>
            <field name="PERIOD">3</field>
            <field name="WAIT">False</field>
        </block>
        <block type="led_ring_rainbow">
            <field name="PERIOD">5</field>
            <field name="ITERATIONS">0</field>
            <field name="WAIT">False</field>
        </block>
        <block type="led_ring_rainbow_cycle">
            <field name="PERIOD">5</field>
            <field name="ITERATIONS">0</field>
            <field name="WAIT">False</field>
        </block>
        <block type="led_ring_rainbow_chase">
            <field name="PERIOD">10</field>
            <field name="ITERATIONS">0</field>
            <field name="WAIT">False</field>
        </block>
        <block type="led_ring_go_up">
            <value name="COLOR">
                <block type="led_ring_color_block"></block>
            </value>
            <field name="PERIOD">2</field>
            <field name="ITERATIONS">0</field>
            <field name="WAIT">False</field>
        </block>
        <block type="led_ring_go_down">
            <value name="COLOR">
                <block type="led_ring_color_block"></block>
            </value>
            <field name="PERIOD">2</field>
            <field name="ITERATIONS">0</field>
            <field name="WAIT">False</field>
        </block>
        <block type="set_led_color">
            <value name="LED_ID">
                <block type="math_number">
                    <field name="NUM">0</field>
                </block>
            </value>
            <value name="COLOR">
                <block type="led_ring_color_block"></block>
            </value>
        </block>
    </category>
</xml>